-5.625383758544921875e+01,-9.330497741699218750e+00
-4.941361236572265625e+01,1.665817832946777344e+01
5.575231170654296875e+01,-8.399583816528320312e+00
2.087256240844726562e+01,1.752298927307128906e+01
-5.923904037475585938e+01,5.447720050811767578e+00
-6.077018737792968750e+01,1.917494982481002808e-01
9.917694091796875000e+00,4.095882797241210938e+01
2.746497726440429688e+01,2.820851802825927734e+00
2.773182106018066406e+01,2.525761604309082031e+01
-5.650416946411132812e+01,-1.377378654479980469e+01
1.158492469787597656e+01,3.452541732788085938e+01
-7.601387977600097656e+00,-1.713695144653320312e+01
8.125329971313476562e+00,4.110889053344726562e+01
5.559739303588867188e+01,-1.586447143554687500e+01
5.846499633789062500e+01,6.724177360534667969e+00
3.136423683166503906e+01,-9.029460906982421875e+00
-1.712067604064941406e+01,-3.982700347900390625e+01
3.107938194274902344e+01,2.602163124084472656e+01
3.315881347656250000e+01,3.419718980789184570e+00
-8.140947341918945312e+00,-1.139400768280029297e+01
3.125040054321289062e+01,2.940203285217285156e+01
-6.970283508300781250e+00,8.408881187438964844e+00
2.751002073287963867e+00,4.145991134643554688e+01
3.052278709411621094e+01,3.444665908813476562e+01
1.580428242683410645e+00,3.088930702209472656e+01
2.924502754211425781e+01,2.799631118774414062e+01
1.206497764587402344e+01,3.670637512207031250e+01
4.575217819213867188e+01,1.066398429870605469e+01
-3.004849433898925781e+01,3.069199323654174805e+00
-3.411439657211303711e+00,3.934957122802734375e+01
-5.835874557495117188e+01,1.602882003784179688e+01
-5.482207298278808594e+00,3.967395782470703125e+01
-6.299697875976562500e+00,3.869469070434570312e+01
2.626538276672363281e+01,3.474085617065429688e+01
-3.356005430221557617e+00,3.539608764648437500e+01
6.801823377609252930e-01,-8.601184844970703125e+00
-4.495907974243164062e+01,1.390678024291992188e+01
2.603913497924804688e+01,2.500713157653808594e+01
-5.932840728759765625e+01,-4.474848747253417969e+00
-2.876609039306640625e+01,3.829025268554687500e+00
2.303090095520019531e+01,2.348741912841796875e+01
2.005008125305175781e+01,6.378050804138183594e+00
3.314547348022460938e+01,-4.720383644104003906e+00
-2.646631813049316406e+01,3.199434995651245117e+00
-5.528322982788085938e+01,-2.997667312622070312e+00
-3.340858459472656250e+01,1.506065082550048828e+01
2.698169136047363281e+01,2.706200981140136719e+01
-8.261356353759765625e+00,3.917185592651367188e+01
3.177158737182617188e+01,2.821469116210937500e+01
-5.945501708984375000e+01,1.036031150817871094e+01
-4.843991851806640625e+01,-6.231807231903076172e+00
5.930777740478515625e+01,5.693758964538574219e+00
4.668318271636962891e+00,4.140836334228515625e+01
4.309340000152587891e+00,2.298381614685058594e+01
-1.666186332702636719e+01,-2.159181785583496094e+01
2.928241348266601562e+01,1.731770634651184082e+00
4.293082427978515625e+01,1.637371444702148438e+01
2.524117469787597656e+00,3.191381835937500000e+01
-4.189339828491210938e+01,1.487204170227050781e+01
-5.734886932373046875e+01,-3.585175514221191406e+00
8.172601699829101562e+00,3.707940292358398438e+01
7.791248798370361328e+00,3.643048477172851562e+01
-7.423547267913818359e+00,3.488108062744140625e+01
-5.788903427124023438e+01,1.339335727691650391e+01
-1.393729400634765625e+01,2.106162261962890625e+01
1.029415416717529297e+01,3.810250854492187500e+01
-4.006168746948242188e+01,1.933213615417480469e+01
-5.701803588867187500e+01,-4.930577278137207031e+00
2.750445747375488281e+01,2.647990417480468750e+01
4.141112518310546875e+01,5.690913677215576172e+00
2.667187929153442383e+00,-1.313512897491455078e+01
-2.004058074951171875e+01,1.820872306823730469e+01
1.320257186889648438e+01,3.182023620605468750e+01
-3.720864868164062500e+01,4.855053901672363281e+00
2.526462554931640625e+01,9.637193679809570312e+00
4.188593673706054688e+01,1.554578113555908203e+01
1.312817478179931641e+01,3.364765167236328125e+01
9.474596977233886719e+00,3.847403335571289062e+01
-4.532384872436523438e+01,1.877520179748535156e+01
1.370613193511962891e+01,3.436383056640625000e+01
4.278737640380859375e+01,1.271524429321289062e+01
-5.713661575317382812e+01,1.052434730529785156e+01
1.448665857315063477e+00,3.137421989440917969e+01
6.401492595672607422e+00,2.341056251525878906e+01
2.005263805389404297e+00,2.839162635803222656e+01
3.755891418457031250e+01,4.737780094146728516e+00
-8.044960021972656250e+00,-3.673060226440429688e+01
2.759352874755859375e+01,2.948995971679687500e+01
-5.827022933959960938e+01,6.270565986633300781e+00
-2.725594902038574219e+01,-2.273009681701660156e+01
5.210486888885498047e+00,1.580815601348876953e+01
-2.498323249816894531e+01,8.309138298034667969e+00
-2.159350395202636719e+01,-3.972033309936523438e+01
-6.019785308837890625e+01,5.931485176086425781e+00
-6.132818984985351562e+01,3.976091861724853516e+00
2.720903396606445312e+01,3.351144027709960938e+01
-1.833699607849121094e+01,2.406225776672363281e+01
3.786057281494140625e+01,1.226532268524169922e+01
2.862157058715820312e+01,3.636550140380859375e+01
6.839256286621093750e+00,3.761365509033203125e+01
-2.140807914733886719e+01,1.724992942810058594e+01
4.258909225463867188e+00,4.162419891357421875e+01
8.937537193298339844e+00,3.857876205444335938e+01
-5.581747055053710938e+01,1.482331657409667969e+01
-4.699056625366210938e+00,-1.645742988586425781e+01
-2.753383445739746094e+01,1.040215110778808594e+01
4.272582244873046875e+01,-3.797962188720703125e+00
1.867189407348632812e+01,-1.132403755187988281e+01
-5.929540634155273438e+01,2.351543188095092773e+00
-4.897891616821289062e+01,-1.594886422157287598e+00
3.016522407531738281e+01,-1.510848617553710938e+01
-4.117454147338867188e+01,1.404918384552001953e+01
3.332996070384979248e-01,3.857574462890625000e+01
-4.756616973876953125e+01,8.586322784423828125e+00
2.744238281250000000e+01,3.519428253173828125e+01
-5.894277954101562500e+01,1.680966186523437500e+01
2.017164230346679688e+01,1.897069549560546875e+01
3.211330413818359375e+01,2.773727035522460938e+01
-5.889296722412109375e+01,1.204481029510498047e+01
-3.377925872802734375e+01,-1.949308067560195923e-02
2.216792297363281250e+01,2.097188758850097656e+01
4.962998390197753906e+00,2.879204368591308594e+01
4.807967758178710938e+01,9.234062194824218750e+00
4.289311981201171875e+01,-2.323824119567871094e+01
3.077727317810058594e+01,2.739307594299316406e+01
-4.012816619873046875e+01,3.882595896720886230e-01
5.716650390625000000e+01,-2.443866491317749023e+00
-3.814649581909179688e+01,-3.930939197540283203e+00
-6.516537666320800781e+00,3.494723129272460938e+01
-1.682042121887207031e+01,-2.575496864318847656e+01
-1.765900492668151855e+00,3.589561080932617188e+01
5.815454483032226562e+01,5.777864530682563782e-02
3.033519268035888672e+00,7.554771423339843750e+00
-6.103559875488281250e+01,-3.715649604797363281e+00
-3.979547119140625000e+01,1.165898513793945312e+01
3.461118698120117188e+00,2.908264541625976562e+01
2.614894485473632812e+01,2.679037284851074219e+01
-5.730955505371093750e+01,7.396065711975097656e+00
-2.154273414611816406e+01,7.343476265668869019e-02
-5.837535476684570312e+01,1.443920993804931641e+01
2.581519126892089844e+01,3.445168304443359375e+01
-3.256745815277099609e+00,3.437844467163085938e+01
2.025285148620605469e+01,1.012586688995361328e+01
1.267818546295166016e+01,3.304176712036132812e+01
5.894164657592773438e+01,5.003364562988281250e+00
-5.712342453002929688e+01,1.670701217651367188e+01
1.950429725646972656e+01,6.245793819427490234e+00
2.686639404296875000e+01,2.000761413574218750e+01
-6.165837097167968750e+01,-4.365924894809722900e-01
4.209032440185546875e+01,-2.434570121765136719e+01
1.171708774566650391e+01,3.312218093872070312e+01
2.840810203552246094e+01,2.747881126403808594e+01
-4.621901702880859375e+01,1.631894302368164062e+01
-1.181635856628417969e+00,1.837609863281250000e+01
-4.555565643310546875e+01,1.453263473510742188e+01
4.692852020263671875e+01,-7.536638259887695312e+00
6.791982650756835938e+00,3.978477478027343750e+01
2.450423002243041992e+00,3.916131210327148438e+01
-5.742156028747558594e+00,1.193088531494140625e+00
3.009564590454101562e+01,2.576059150695800781e+01
-1.279521656036376953e+01,1.768549537658691406e+01
2.119128465652465820e+00,4.111405563354492188e+01
5.410682678222656250e+01,1.733787894248962402e+00
3.917946624755859375e+01,-2.284264755249023438e+01
-6.596582412719726562e+00,-2.884230422973632812e+01
5.983663177490234375e+01,3.581799507141113281e+00
2.205119132995605469e+00,2.933869934082031250e+01
3.873382949829101562e+01,-2.602172374725341797e+00
2.672826957702636719e+01,2.189198684692382812e+01
-4.834862518310546875e+01,-1.027142238616943359e+01
-5.141310501098632812e+01,8.494127273559570312e+00
-4.425045394897460938e+01,-1.361832809448242188e+01
2.709902000427246094e+01,3.621100616455078125e+01
4.821947860717773438e+01,1.147014331817626953e+01
-4.637055587768554688e+01,1.759911727905273438e+01
3.084049034118652344e+01,3.391856384277343750e+01
5.774798965454101562e+01,6.794990062713623047e+00
3.074747657775878906e+01,2.855096626281738281e+01
3.077899169921875000e+01,3.163480186462402344e+01
9.111428260803222656e-01,3.830261611938476562e+01
-4.962570571899414062e+01,7.176198482513427734e+00
-5.338643264770507812e+01,-1.301508426666259766e+01
1.019580721855163574e+00,3.967436218261718750e+01
-2.571152114868164062e+01,-2.485449218750000000e+01
-3.453925704956054688e+01,1.524776744842529297e+01
-4.754613876342773438e+01,1.708318519592285156e+01
-4.033490753173828125e+01,1.826292228698730469e+01
5.539801788330078125e+01,-1.636184900999069214e-01
-2.182929420471191406e+01,-4.206893920898437500e+01
-5.980907440185546875e+01,1.474713230133056641e+01
3.554409790039062500e+01,-5.333517551422119141e+00
6.839231014251708984e+00,4.170979309082031250e+01
5.663935852050781250e+01,6.883708953857421875e+00
2.699968528747558594e+01,-8.807903289794921875e+00
2.571877288818359375e+01,4.603876590728759766e+00
-5.524685668945312500e+01,1.732761001586914062e+01
5.483856201171875000e+01,2.026219367980957031e+00
2.477563476562500000e+01,2.592072868347167969e+01
-3.078200578689575195e+00,3.634666824340820312e+01
-5.881942749023437500e+01,1.280133247375488281e+01
-1.522134900093078613e+00,3.321128082275390625e+01
2.510411071777343750e+01,3.545093154907226562e+01
6.129547595977783203e+00,1.836619758605957031e+01
-2.829191207885742188e+01,-1.920667266845703125e+01
1.039186286926269531e+01,3.559597778320312500e+01
-2.015790939331054688e+01,-4.173112487792968750e+01
2.380122756958007812e+01,2.535076522827148438e+01
4.814719200134277344e+00,2.230737686157226562e+01
3.246433496475219727e+00,-1.172020339965820312e+01
-4.157703018188476562e+01,1.321167469024658203e+01
-1.485232639312744141e+01,1.390135478973388672e+01
1.843182945251464844e+01,9.473679542541503906e+00
5.605969238281250000e+01,6.266803741455078125e+00
-5.550257110595703125e+01,-1.154025077819824219e+01
-4.597443389892578125e+01,-1.607281875610351562e+01
4.727805709838867188e+01,1.068665504455566406e+01
-6.097969818115234375e+01,1.077649211883544922e+01
-5.134850692749023438e+01,1.066666126251220703e+01
-6.323948383331298828e+00,-1.995656204223632812e+01
3.997644042968750000e+01,1.011751270294189453e+01
7.811201095581054688e+00,8.431981086730957031e+00
-7.632573127746582031e+00,3.563702774047851562e+01
-4.912591934204101562e+01,-1.109405612945556641e+01
-4.236270141601562500e+01,2.103059589862823486e-01
4.215883255004882812e+00,9.689683914184570312e+00
-5.203390884399414062e+01,-1.441824436187744141e+00
1.107496929168701172e+01,-1.094135284423828125e+01
2.609733390808105469e+01,2.838995933532714844e+01
5.328585433959960938e+01,1.669300794601440430e+00
-5.902197837829589844e+00,3.680066680908203125e+01
-1.426181674003601074e+00,3.489947509765625000e+01
9.331163406372070312e+00,4.122799301147460938e+01
-4.113151550292968750e+01,1.557845783233642578e+01
2.853779029846191406e+01,-1.415163135528564453e+01
3.858837890625000000e+01,-6.669335365295410156e+00
-3.941173553466796875e+01,1.780113410949707031e+01
-2.625592994689941406e+01,-2.334434890747070312e+01
4.282681274414062500e+01,-1.959686660766601562e+01
-1.886385345458984375e+01,2.298904991149902344e+01
1.592691242694854736e-01,3.963607406616210938e+01
-5.448595428466796875e+01,1.560256099700927734e+01
-4.332260131835937500e+01,1.300931739807128906e+01
-5.588712310791015625e+01,3.726505756378173828e+00
-5.197985458374023438e+01,6.876231670379638672e+00
5.637549400329589844e+00,4.078319549560546875e+01
2.453195381164550781e+01,1.759239959716796875e+01
3.246324920654296875e+01,3.339621782302856445e+00
6.699331283569335938e+00,4.096846008300781250e+01
-8.760444641113281250e+00,-1.500572681427001953e+01
-6.249781131744384766e+00,-1.665705871582031250e+01
-4.892018127441406250e+01,-9.761940002441406250e+00
-5.036017990112304688e+01,-3.672038793563842773e+00
2.436085319519042969e+01,-1.928923797607421875e+01
1.224943733215332031e+01,3.444944763183593750e+01
-8.738804817199707031e+00,3.881181716918945312e+01
-1.805211448669433594e+01,-3.206933212280273438e+01
-8.131308555603027344e+00,4.059748840332031250e+01
-1.354340839385986328e+01,1.867974090576171875e+01
-4.252473449707031250e+01,1.422811603546142578e+01
-2.159817123413085938e+01,1.894471359252929688e+01
-5.954531097412109375e+01,3.795942783355712891e+00
9.498438239097595215e-01,3.213603591918945312e+01
-5.871076583862304688e+01,-9.147763252258300781e+00
-4.908560943603515625e+01,-3.373255133628845215e-01
1.320230293273925781e+01,3.503021240234375000e+01
5.896234512329101562e+01,7.420791625976562500e+00
-4.351602172851562500e+01,-1.245950698852539062e+00
-4.074253845214843750e+01,1.500098323822021484e+01
4.335025024414062500e+01,1.548740863800048828e+01
3.655778503417968750e+01,-1.935163688659667969e+01
1.827796363830566406e+01,-1.749386191368103027e+00
-3.844773483276367188e+01,5.683315277099609375e+00
4.307926940917968750e+01,-5.852569580078125000e+00
-5.349005508422851562e+01,1.001549816131591797e+01
5.850257492065429688e+01,7.955523490905761719e+00
-8.865104675292968750e+00,3.959104156494140625e+01
-5.500617218017578125e+01,-1.246700859069824219e+01
-4.452003860473632812e+01,1.651434516906738281e+01
5.741577148437500000e+01,9.648041725158691406e+00
-9.498635292053222656e+00,-3.685821151733398438e+01
1.143305873870849609e+01,3.916987228393554688e+01
-2.980906724929809570e+00,1.573339080810546875e+01
3.855751037597656250e+01,8.329748153686523438e+00
1.373011016845703125e+01,3.363488006591796875e+01
-5.923616409301757812e+01,3.360530436038970947e-01
-2.224460601806640625e+01,-1.621795082092285156e+01
3.286949157714843750e+01,-3.762835741043090820e+00
-4.982421875000000000e+01,-1.011559772491455078e+01
-6.228876495361328125e+01,-1.126684665679931641e+00
-4.882170104980468750e+01,1.035222768783569336e+00
-5.902250289916992188e+01,-1.068284511566162109e+01
2.812233543395996094e+01,3.569557952880859375e+01
-4.515890502929687500e+01,-9.594266891479492188e+00
3.072463226318359375e+01,3.065246772766113281e+01
-5.969972610473632812e+01,9.082370758056640625e+00
-5.786619186401367188e+01,7.314003467559814453e+00
4.317986297607421875e+01,1.445236492156982422e+01
-7.564286231994628906e+00,3.897343444824218750e+01
2.791436195373535156e+01,2.448963928222656250e+01
-2.722723197937011719e+01,-1.756167411804199219e+01
-2.289619445800781250e+01,1.856606483459472656e+01
5.339300537109375000e+01,-1.752328300476074219e+01
2.510206413269042969e+01,1.927770805358886719e+01
5.718812465667724609e+00,8.307348251342773438e+00
-3.330215835571289062e+01,1.147151565551757812e+01
-1.341416549682617188e+01,2.250102424621582031e+01
-7.589277267456054688e+00,-4.059307098388671875e+01
1.822799563407897949e+00,3.876762008666992188e+01
2.733610534667968750e+01,2.116778182983398438e+01
2.538545989990234375e+01,2.638702392578125000e+01
1.234940719604492188e+01,3.550274276733398438e+01
-2.275268554687500000e+00,3.898833084106445312e+01
1.900226354598999023e+00,-1.193941879272460938e+01
4.941460418701171875e+01,-7.143415451049804688e+00
-2.819021797180175781e+01,4.457299709320068359e+00
-5.796421813964843750e+01,-1.148732471466064453e+01
3.759238815307617188e+01,-1.857241058349609375e+01
-4.850036621093750000e+01,1.629365539550781250e+01
1.882868576049804688e+01,-2.530589103698730469e+00
-1.616891479492187500e+01,-2.210205459594726562e+01
9.636397361755371094e+00,3.581900787353515625e+01
-1.572332024574279785e+00,3.871791076660156250e+01
-1.344746685028076172e+01,8.158772468566894531e+00
-6.104766464233398438e+01,-5.568059921264648438e+00
-1.144935131072998047e+01,-2.070752334594726562e+01
-3.862215423583984375e+01,1.844225311279296875e+01
-3.867408752441406250e+01,1.238424015045166016e+01
-3.420458984375000000e+01,1.048097419738769531e+01
1.884961891174316406e+01,-1.889903640747070312e+01
-5.991350555419921875e+01,5.049252510070800781e+00
-6.081358718872070312e+01,-4.322440624237060547e+00
4.813480377197265625e+01,-2.684067344665527344e+01
5.676878356933593750e+01,-1.585075092315673828e+01
-1.599849605560302734e+01,2.295116424560546875e+01
-2.792337608337402344e+01,3.614431142807006836e+00
5.195768737792968750e+01,-1.001238346099853516e+01
5.536974334716796875e+01,1.585759282112121582e+00
-6.065506744384765625e+01,4.557268142700195312e+00
3.374697494506835938e+01,-1.964986038208007812e+01
5.752571487426757812e+01,6.936330199241638184e-01
5.465621948242187500e+00,2.256466484069824219e+01
-4.886920547485351562e+01,-1.501008796691894531e+01
-4.722356033325195312e+01,1.767327880859375000e+01
-5.574616432189941406e+00,4.653479099273681641e+00
3.438597869873046875e+01,-2.002037048339843750e+01
-2.412655591964721680e+00,3.820005416870117188e+01
-5.632922363281250000e+01,-1.083487606048583984e+01
1.021787548065185547e+01,3.966400146484375000e+01
4.527582168579101562e+01,1.344559097290039062e+01
-4.896492385864257812e+01,4.021771430969238281e+00
2.998169136047363281e+01,2.771865463256835938e+01
-5.924829101562500000e+01,7.199245929718017578e+00
3.797316741943359375e+01,-2.113639068603515625e+01
2.515902328491210938e+01,-1.189390659332275391e+01
8.765344619750976562e+00,3.665537643432617188e+01
-6.212067794799804688e+01,-2.145384311676025391e+00
-5.784998321533203125e+01,1.108614921569824219e+01
1.883987426757812500e+00,4.145209884643554688e+01
4.676461029052734375e+01,1.351970314979553223e+00
-5.799273681640625000e+01,1.683572769165039062e+01
2.384543228149414062e+01,-5.192437171936035156e+00
-5.789659500122070312e+01,9.479243278503417969e+00
1.080325222015380859e+01,-1.312118053436279297e+01
2.817284965515136719e+01,3.452077484130859375e+01
3.046173858642578125e+01,2.982476043701171875e+01
-2.741999626159667969e+00,3.355555725097656250e+01
9.014507293701171875e+00,3.933380889892578125e+01
-5.451851654052734375e+01,1.500828742980957031e+01
1.152533149719238281e+01,3.813195419311523438e+01
3.114121246337890625e+01,1.058348846435546875e+01
3.112804794311523438e+01,-6.884783506393432617e-01
-5.790759277343750000e+01,1.570011425018310547e+01
1.382960891723632812e+01,3.534215164184570312e+01
-3.992071914672851562e+01,1.307965183258056641e+01
-1.037170696258544922e+01,-4.015156936645507812e+01
6.093088150024414062e+01,6.071321010589599609e+00
2.979538154602050781e+01,2.724850273132324219e+01
-5.724774169921875000e+01,-1.967222332954406738e+00
-4.937350082397460938e+01,-7.797685146331787109e+00
-1.564394187927246094e+01,1.325969099998474121e+00
-4.043176269531250000e+01,-1.331949830055236816e+00
5.480751800537109375e+01,-9.222891330718994141e-01
-1.700638580322265625e+01,2.315310096740722656e+01
3.648618936538696289e+00,1.599149131774902344e+01
-4.902357101440429688e+01,9.990876197814941406e+00
2.818399047851562500e+01,1.020732593536376953e+01
-5.578365325927734375e+00,-2.731237411499023438e+01
7.628200054168701172e-01,2.193065452575683594e+01
-1.786588287353515625e+01,-3.060778045654296875e+01
-2.049756240844726562e+01,1.947342300415039062e+01
-4.619364166259765625e+01,1.916106414794921875e+01
5.676084899902343750e+01,-7.625120162963867188e+00
-4.342728805541992188e+01,-9.775300025939941406e+00
4.911715698242187500e+01,4.772682785987854004e-01
1.976824760437011719e+01,1.549223613739013672e+01
-3.669623565673828125e+01,9.757795333862304688e+00
5.270186233520507812e+01,1.030715107917785645e+00
2.161244201660156250e+01,1.978410720825195312e+01
-2.237116247415542603e-01,2.060154533386230469e+01
-5.434012222290039062e+01,1.729340362548828125e+01
1.794287681579589844e+01,-1.909311103820800781e+01
-5.719598388671875000e+01,-1.041784667968750000e+01
-1.342365384101867676e+00,-4.584693431854248047e+00
3.028199005126953125e+01,3.603080749511718750e+01
7.757243633270263672e+00,9.073018074035644531e+00
-5.866848754882812500e+01,3.166633844375610352e+00
5.421282768249511719e+00,2.927136039733886719e+01
1.574572753906250000e+01,-9.251847267150878906e+00
6.335205554962158203e+00,4.160365295410156250e+01
3.748086929321289062e+01,-1.764688372611999512e+00
-1.616474533081054688e+01,-3.952537536621093750e+01
-5.073567581176757812e+01,-8.176683425903320312e+00
4.683449935913085938e+01,-1.215777969360351562e+01
-5.412233734130859375e+01,-9.598902702331542969e+00
2.318870162963867188e+01,2.249975204467773438e+01
4.810813903808593750e+01,-2.064714431762695312e+01
4.860045623779296875e+01,8.624181747436523438e+00
4.250781250000000000e+01,-2.656311511993408203e+00
-1.703066444396972656e+01,2.225090217590332031e+01
-2.492035484313964844e+01,-1.877107429504394531e+01
-1.762128257751464844e+01,-3.576320648193359375e+01
3.816513824462890625e+01,-2.971374511718750000e+00
5.406398010253906250e+01,-1.198232173919677734e+01
-2.071773338317871094e+01,1.792568206787109375e+01
3.484340286254882812e+01,6.399973869323730469e+00
2.872956848144531250e+01,2.621950149536132812e+01
4.846224594116210938e+01,9.467667937278747559e-01
-4.588591766357421875e+01,1.822189712524414062e+01
-4.658988952636718750e+01,1.849520111083984375e+01
-2.185831451416015625e+01,-1.889208912849426270e+00
3.810779953002929688e+01,-6.940353870391845703e+00
-2.414428472518920898e+00,3.547763824462890625e+01
-5.892679977416992188e+01,3.798294305801391602e+00
5.915792942047119141e+00,2.816749000549316406e+01
5.629607391357421875e+01,3.197510480880737305e+00
2.922150611877441406e+01,3.544158172607421875e+01
-5.539566040039062500e+01,1.554457569122314453e+01
4.119842910766601562e+01,-1.925114250183105469e+01
2.890954971313476562e+01,3.507943344116210938e+01
4.376622009277343750e+01,-1.764240264892578125e+01
-4.667340469360351562e+01,2.345605850219726562e+00
1.731758117675781250e+01,-2.054370498657226562e+01
-3.856898307800292969e+00,1.205557155609130859e+01
5.626917648315429688e+01,-3.661868095397949219e+00
-3.317589187622070312e+01,8.967494010925292969e+00
3.008333587646484375e+01,3.348738098144531250e+01
4.739795207977294922e+00,8.282026290893554688e+00
2.171541023254394531e+01,1.165094757080078125e+01
-2.025989151000976562e+01,-1.357280063629150391e+01
-1.922914123535156250e+01,-3.229784011840820312e+01
3.994906234741210938e+01,7.596774578094482422e+00
-1.517146587371826172e+01,-2.167156028747558594e+01
2.216138458251953125e+01,2.178017044067382812e+01
3.028990936279296875e+01,2.517407798767089844e+01
-2.050244331359863281e+01,2.413574409484863281e+01
2.462858390808105469e+01,1.830061912536621094e+01
2.813022422790527344e+01,3.624321746826171875e+01
-4.878297042846679688e+01,-4.691225051879882812e+00
3.953947448730468750e+01,1.327618885040283203e+01
4.580077743530273438e+01,-8.293279647827148438e+00
-5.206818389892578125e+01,8.004481315612792969e+00
-5.425829410552978516e+00,-2.654531478881835938e+01
-1.850999259948730469e+01,-3.425316619873046875e+01
-2.077006340026855469e+01,9.245740890502929688e+00
3.987994766235351562e+01,-6.896765708923339844e+00
6.345451354980468750e+00,2.215455436706542969e+01
-4.303844833374023438e+01,-1.273447132110595703e+01
4.695854949951171875e+01,8.046021461486816406e+00
-1.114230251312255859e+01,-3.665542602539062500e+01
-1.328417301177978516e+01,2.183214569091796875e+01
-3.625434398651123047e+00,1.937165069580078125e+01
9.686692237854003906e+00,3.778715896606445312e+01
2.354534530639648438e+01,2.360857772827148438e+01
-4.804571914672851562e+01,1.501378774642944336e+00
1.086644172668457031e+01,3.931658554077148438e+01
-4.409874343872070312e+01,1.479987525939941406e+01
1.542398262023925781e+01,3.425012588500976562e+01
4.339021301269531250e+01,1.340194034576416016e+01
4.595150375366210938e+01,3.173847436904907227e+00
-4.870944976806640625e+01,2.319838762283325195e+00
-1.954180526733398438e+01,2.285618972778320312e+01
-2.240834045410156250e+01,-3.586765289306640625e+00
-3.242942810058593750e+01,1.539751911163330078e+01
-2.166462326049804688e+01,1.837374496459960938e+01
4.863621902465820312e+01,-1.606860351562500000e+01
-7.544276237487792969e+00,3.739862442016601562e+01
4.641145706176757812e+01,-2.424428558349609375e+01
-6.980984210968017578e+00,-2.713538169860839844e+01
-2.346333503723144531e+01,7.021427631378173828e+00
-3.373930215835571289e+00,-4.120327472686767578e+00
3.693541336059570312e+01,-1.815210914611816406e+01
-5.616995239257812500e+01,3.529959619045257568e-01
-6.283882904052734375e+01,-1.798235774040222168e+00
4.881712722778320312e+01,-1.132717132568359375e+01
-3.413802337646484375e+01,-6.829192638397216797e-01
2.991362190246582031e+01,-8.869636535644531250e+00
-6.115158843994140625e+01,-1.063557744026184082e+00
-5.900193786621093750e+01,-8.099982261657714844e+00
-2.417142868041992188e+00,1.800885772705078125e+01
-5.351979064941406250e+01,-1.017041563987731934e+00
-3.626678466796875000e+01,-2.111543416976928711e-01
-1.648989295959472656e+01,2.446922302246093750e+01
-5.994557571411132812e+01,1.730308175086975098e+00
-4.249499130249023438e+01,1.477297306060791016e+01
2.419998550415039062e+01,2.185387802124023438e+01
-4.148217773437500000e+01,-3.217810630798339844e+00
-5.646981048583984375e+01,1.656906127929687500e+01
5.048748779296875000e+01,-2.180072402954101562e+01
-4.250323104858398438e+01,-9.278850555419921875e-01
-4.889181900024414062e+01,-7.123718738555908203e+00
-5.907889175415039062e+01,-2.214310884475708008e+00
8.055019378662109375e+00,3.937338638305664062e+01
-5.978580093383789062e+01,8.938204646110534668e-01
-3.850539398193359375e+01,9.036201477050781250e+00
-5.417197799682617188e+01,-1.086308288574218750e+01
-4.723929214477539062e+01,-8.699130058288574219e+00
4.561814880371093750e+01,-1.137618064880371094e+00
-5.155854797363281250e+01,-6.237444400787353516e+00
1.861121559143066406e+01,-1.755546379089355469e+01
1.572250175476074219e+01,-1.170878028869628906e+01
-1.996160507202148438e+01,-3.867470550537109375e+01
5.213407897949218750e+01,4.271864891052246094e+00
-3.868362808227539062e+01,1.650354576110839844e+01
-1.980643463134765625e+01,-4.002646255493164062e+01
-4.998722457885742188e+01,-7.245367527008056641e+00
5.861617660522460938e+01,5.215548992156982422e+00
5.906358337402343750e+01,1.061772918701171875e+01
-5.809532928466796875e+01,-1.341611957550048828e+01
2.673258399963378906e+01,3.321803665161132812e+01
-5.750425720214843750e+01,-8.156269073486328125e+00
-1.478348731994628906e+01,-3.603781127929687500e+01
5.779570007324218750e+01,1.111130905151367188e+01
2.989272308349609375e+01,1.855093717575073242e+00
-1.433565139770507812e+01,-9.143058657646179199e-01
-6.087687301635742188e+01,-2.788196802139282227e+00
-5.508343124389648438e+01,1.652401351928710938e+01
4.913315582275390625e+01,-1.531828403472900391e+01
-4.234526824951171875e+01,1.710843849182128906e+01
-5.714599609375000000e+01,1.560046100616455078e+01
4.250389099121093750e+01,6.549932479858398438e+00
-2.707707214355468750e+01,3.471987009048461914e+00
-5.015381240844726562e+01,9.312607765197753906e+00
5.395094299316406250e+01,-1.691452217102050781e+01
5.876663970947265625e+01,1.006523036956787109e+01
1.203098678588867188e+01,3.378142166137695312e+01
3.500976562500000000e+01,-3.054410815238952637e-01
-5.290945053100585938e+01,-9.957463264465332031e+00
-1.050011277198791504e+00,3.267630004882812500e+01
4.816447067260742188e+01,-1.514249134063720703e+01
2.410682106018066406e+01,8.924180030822753906e+00
-4.748281860351562500e+01,1.797328442335128784e-01
1.713657188415527344e+01,-1.509837865829467773e+00
2.718126487731933594e+01,3.481224822998046875e+01
2.813719558715820312e+01,-1.366325664520263672e+01
2.178915596008300781e+01,8.642218589782714844e+00
3.467823410034179688e+01,-3.726680994033813477e+00
2.639616203308105469e+01,2.948685264587402344e+01
8.721184730529785156e+00,4.022243499755859375e+01
5.387713241577148438e+01,-8.352821469306945801e-01
2.774765968322753906e+01,1.110991287231445312e+01
4.925987625122070312e+01,-2.051976966857910156e+01
-5.595436859130859375e+01,1.720946693420410156e+01
-3.838039016723632812e+01,3.599716424942016602e+00
-3.117721939086914062e+01,2.839835584163665771e-01
5.487201309204101562e+01,5.596201419830322266e-01
2.558706855773925781e+01,2.321511650085449219e+01
-1.943145370483398438e+01,-4.164055824279785156e+00
-2.863976478576660156e+01,-2.219717025756835938e+01
-4.961153793334960938e+01,-1.163416576385498047e+01
-8.412057876586914062e+00,3.791096878051757812e+01
-2.662917900085449219e+01,1.158873844146728516e+01
-5.959756088256835938e+01,1.092754364013671875e+01
5.909231567382812500e+01,-7.748401165008544922e+00
2.878916168212890625e+01,2.465105056762695312e+01
-4.438153457641601562e+01,-2.048931598663330078e+00
4.413171386718750000e+01,7.767592906951904297e+00
4.297351837158203125e+01,4.212104797363281250e+00
5.853733825683593750e+01,1.049204921722412109e+01
5.734717178344726562e+01,-5.525908946990966797e+00
4.224206542968750000e+01,1.210126972198486328e+01
-4.489847564697265625e+01,1.736230278015136719e+01
-4.361381530761718750e+01,-1.085133838653564453e+01
-5.110659408569335938e+01,-7.547152996063232422e+00
-5.557133483886718750e+01,-2.246632575988769531e+00
-5.842702865600585938e+00,1.528991222381591797e+01
4.161297988891601562e+01,-2.308423042297363281e+01
-5.850220108032226562e+01,8.517432212829589844e+00
-5.777478790283203125e+01,-9.489851951599121094e+00
-3.436076164245605469e+00,-2.288838005065917969e+01
3.638184356689453125e+01,4.877946376800537109e+00
-2.268291473388671875e+01,-4.968178749084472656e+00
5.094512462615966797e+00,1.758458328247070312e+01
-2.401082992553710938e+01,-2.569160652160644531e+01
1.945967525243759155e-01,3.903704071044921875e+01
3.071187973022460938e+01,3.296633148193359375e+01
-5.554123687744140625e+01,-5.344735980033874512e-01
-8.548662185668945312e+00,-2.254982185363769531e+01
-3.968770217895507812e+01,1.246052074432373047e+01
5.762864303588867188e+01,4.082945823669433594e+00
-5.422166824340820312e+01,-1.147041559219360352e+00
9.126568794250488281e+00,-9.715922355651855469e+00
-2.261547851562500000e+01,1.770765686035156250e+01
2.121977424621582031e+01,-1.785932731628417969e+01
6.573873519897460938e+00,-1.326703453063964844e+01
3.468348693847656250e+01,5.799506187438964844e+00
2.405787658691406250e+01,-1.108101844787597656e+01
-3.537948608398437500e+00,-5.352758407592773438e+00
-9.414831161499023438e+00,-4.190435409545898438e+01
-1.720076942443847656e+01,-6.924690604209899902e-01
-1.440538597106933594e+01,6.302474498748779297e+00
-1.700249671936035156e+01,2.427742958068847656e+01
-5.156837081909179688e+01,-1.019725418090820312e+01
-9.493124961853027344e+00,3.930684280395507812e+01
-3.590281677246093750e+01,-1.512805819511413574e+00
6.588639259338378906e+00,1.708632087707519531e+01
3.753619003295898438e+01,-2.579874515533447266e+00
-1.504314708709716797e+01,2.324016952514648438e+01
2.102626419067382812e+01,1.441663646697998047e+01
-4.577676391601562500e+01,1.975533866882324219e+01
-4.098353195190429688e+01,-2.310526371002197266e+00
-4.974728107452392578e+00,-2.416417694091796875e+01
4.789205551147460938e+01,-6.518019676208496094e+00
-7.664956569671630859e+00,3.682246398925781250e+01
-4.899465942382812500e+01,1.777585029602050781e+01
1.958258628845214844e+01,-1.919213294982910156e+01
-3.221678924560546875e+01,8.203016281127929688e+00
-1.899200630187988281e+01,1.503335952758789062e+00
4.008636093139648438e+01,-4.219063282012939453e+00
4.907051467895507812e+01,2.817488908767700195e+00
-1.851080894470214844e+00,3.637835311889648438e+01
-4.687696695327758789e-02,1.972431373596191406e+01
3.117857933044433594e+01,6.149322390556335449e-01
-3.877922058105468750e+01,4.944277286529541016e+00
2.514122581481933594e+01,2.448237800598144531e+01
4.991558837890625000e+01,-1.827951431274414062e+01
-4.432233810424804688e+00,3.362102127075195312e+01
-1.971239662170410156e+01,1.686371803283691406e+01
-1.399894142150878906e+01,7.195480823516845703e+00
-1.711223793029785156e+01,2.525726318359375000e+01
2.080587387084960938e+01,-1.887011909484863281e+01
-2.745629119873046875e+01,1.262361526489257812e+01
4.514791870117187500e+01,-2.571576881408691406e+01
4.568001937866210938e+01,8.212799072265625000e+00
3.930667495727539062e+01,-1.438069248199462891e+01
-4.465371704101562500e+01,2.043027305603027344e+01
4.512115859985351562e+01,4.711129188537597656e+00
-5.805302047729492188e+01,1.226566600799560547e+01
2.783163070678710938e+01,3.371063232421875000e+01
-9.478658676147460938e+00,-4.140025329589843750e+01
-5.914134979248046875e+01,6.142955780029296875e+00
-3.977842628955841064e-01,-3.580755710601806641e+00
3.052923583984375000e+01,-1.465015125274658203e+01
3.013778114318847656e+01,3.538957595825195312e+01
-7.061151027679443359e+00,-2.401009178161621094e+01
6.527785301208496094e+00,2.503270912170410156e+01
2.612913894653320312e+01,-7.497329235076904297e+00
2.209008789062500000e+01,-2.015458869934082031e+01
-7.117624759674072266e+00,3.580245208740234375e+01
-2.535609054565429688e+01,9.741662979125976562e+00
4.049060821533203125e+01,-1.653698730468750000e+01
-4.984223556518554688e+01,1.066097545623779297e+01
-5.892744445800781250e+01,1.565820026397705078e+01
-1.631981849670410156e+01,2.230895996093750000e+01
1.533055210113525391e+01,-7.463640689849853516e+00
-2.151271247863769531e+01,-3.409545898437500000e+01
-5.170679473876953125e+01,-7.058539986610412598e-01
5.672352981567382812e+01,-1.464636516571044922e+01
3.260197067260742188e+01,-8.127923965454101562e+00
6.018978500366210938e+01,8.124488830566406250e+00
-5.364872360229492188e+01,-1.229432678222656250e+01
-2.339864540100097656e+01,9.399769783020019531e+00
4.338554763793945312e+01,-2.562074089050292969e+01
-3.953196716308593750e+01,1.731383895874023438e+01
-4.898070144653320312e+01,5.226284980773925781e+00
3.943781280517578125e+01,-1.536524486541748047e+01
3.964105224609375000e+01,6.365424633026123047e+00
-3.962006378173828125e+01,3.931703090667724609e+00
-2.125922393798828125e+01,-5.087745666503906250e+00
-5.992810058593750000e+01,-4.932999610900878906e+00
-8.543679237365722656e+00,-3.474590682983398438e+01
-1.455376338958740234e+01,-3.276099395751953125e+01
3.910491180419921875e+01,1.105095100402832031e+01
-2.325650596618652344e+01,-2.102385711669921875e+01
2.906079673767089844e+01,1.983525657653808594e+01
4.182103347778320312e+01,2.585067510604858398e+00
8.818885803222656250e+00,9.012772560119628906e+00
1.960898780822753906e+01,1.862428474426269531e+01
-4.652024459838867188e+01,9.623866081237792969e+00
-1.327058315277099609e+01,3.148540258407592773e+00
-1.546753501892089844e+01,-3.958535003662109375e+01
-3.758526611328125000e+01,-5.553862452507019043e-01
2.479495048522949219e+01,2.517327690124511719e+01
-5.821879196166992188e+01,1.920825004577636719e+00
-1.069677948951721191e+00,2.051754570007324219e+01
-4.973326110839843750e+01,1.008454895019531250e+01
-6.232556915283203125e+01,3.799664735794067383e+00
4.467531967163085938e+01,-2.581257247924804688e+01
-5.870675277709960938e+01,1.398961663246154785e+00
3.866843414306640625e+01,1.184137821197509766e+01
-5.669579315185546875e+01,-1.230689525604248047e+00
-1.529348468780517578e+01,7.811856269836425781e+00
3.877797698974609375e+01,-1.658571434020996094e+01
-2.850535964965820312e+01,-2.425050354003906250e+01
-2.227062225341796875e+01,-1.402873134613037109e+01
5.391636276245117188e+01,-9.757225990295410156e+00
3.519720458984375000e+01,3.868128538131713867e+00
5.910475921630859375e+01,3.550143241882324219e+00
-1.424631977081298828e+01,1.926080131530761719e+01
-1.425028800964355469e+01,9.035387992858886719e+00
5.262855148315429688e+01,2.544062852859497070e+00
-4.516400146484375000e+01,1.519518375396728516e+01
5.302717971801757812e+01,-1.622654342651367188e+01
-4.663617324829101562e+01,1.683954811096191406e+01
-7.304412841796875000e+00,-4.008691406250000000e+01
3.198443412780761719e+01,-3.900643587112426758e+00
4.667189407348632812e+01,6.447100639343261719e+00
4.146553039550781250e+01,1.469019508361816406e+01
5.145921707153320312e+01,-1.529087734222412109e+01
4.409751510620117188e+01,1.507123279571533203e+01
5.884362220764160156e+00,4.211766433715820312e+01
1.594085693359375000e+00,2.160943222045898438e+01
-2.282723045349121094e+01,1.919473075866699219e+01
-4.646549606323242188e+01,6.304699182510375977e-01
-5.114151382446289062e+01,9.731193542480468750e+00
4.793429183959960938e+01,-9.600834846496582031e+00
-6.892678260803222656e+00,3.662295532226562500e+01
4.747994613647460938e+01,2.751189947128295898e+00
2.432055091857910156e+01,-4.814291954040527344e+00
-4.509860992431640625e+01,-1.421746063232421875e+01
-4.611139678955078125e+01,1.067067813873291016e+01
-5.855747222900390625e+01,7.515439033508300781e+00
5.949928665161132812e+01,-6.664532661437988281e+00
-5.737892532348632812e+01,-1.230120658874511719e+01
-1.768222808837890625e+01,-4.043345260620117188e+01
-5.607160186767578125e+01,1.575103759765625000e+01
-5.594403076171875000e+01,-1.020478153228759766e+01
1.139336013793945312e+01,-1.192196846008300781e+01
-2.542453193664550781e+01,-1.695608520507812500e+01
4.365736389160156250e+01,4.579527854919433594e+00
-3.960548782348632812e+01,1.037764358520507812e+01
-6.273278713226318359e+00,4.018146514892578125e+01
-2.568987464904785156e+01,-1.821253395080566406e+01
5.243765640258789062e+01,1.727076053619384766e+00
3.376442337036132812e+01,-4.902409553527832031e+00
-1.140640830993652344e+01,-3.411813974380493164e+00
4.552022552490234375e+01,7.304630279541015625e+00
6.372435092926025391e+00,2.712995529174804688e+01
-1.180501747131347656e+01,-1.613596677780151367e+00
2.849397659301757812e+01,1.126675128936767578e+01
4.372549438476562500e+01,-1.986256408691406250e+01
-5.403399276733398438e+01,9.928590774536132812e+00
-6.282476425170898438e+01,-2.590262413024902344e+00
3.970707321166992188e+01,1.235766029357910156e+01
-4.903397369384765625e+01,1.219931030273437500e+01
-4.362534713745117188e+01,2.026910591125488281e+01
2.095594024658203125e+01,1.103861713409423828e+01
6.879484653472900391e+00,9.329116821289062500e+00
3.959093093872070312e+01,-6.587213993072509766e+00
2.674451446533203125e+01,2.801159667968750000e+01
1.768535423278808594e+01,-1.669548416137695312e+01
-2.785852241516113281e+01,-1.796005249023437500e+01
3.818072128295898438e+01,-5.595028877258300781e+00
4.624103546142578125e+01,-6.932443141937255859e+00
-2.191669464111328125e+01,-8.338894248008728027e-01
2.689714050292968750e+01,2.896127891540527344e+01
1.182756805419921875e+01,-1.056805038452148438e+01
-2.109362983703613281e+01,-1.446117115020751953e+01
-4.970288848876953125e+01,-6.842339992523193359e+00
5.015425872802734375e+01,-2.329758644104003906e+01
3.111903381347656250e+01,-8.365542411804199219e+00
2.824534988403320312e+01,8.578017234802246094e+00
5.339083099365234375e+01,-1.269312286376953125e+01
2.181492233276367188e+01,-9.760212898254394531e+00
5.413027191162109375e+01,9.961341023445129395e-01
3.059528350830078125e+01,1.527177810668945312e+00
4.831250381469726562e+01,1.814136743545532227e+00
4.857215499877929688e+01,-1.988630867004394531e+01
2.413541984558105469e+01,-6.689347743988037109e+00
-1.829524230957031250e+01,1.897075271606445312e+01
-5.031105041503906250e+01,-1.097867965698242188e+00
-1.453551101684570312e+01,2.171772956848144531e+01
-5.654990386962890625e+01,-2.590438842773437500e+00
-1.015667915344238281e+01,-3.514216995239257812e+01
1.086494731903076172e+01,3.642658996582031250e+01
1.835751152038574219e+01,1.000552558898925781e+01
-4.824040603637695312e+01,1.810366439819335938e+01
-2.029785728454589844e+01,8.915428161621093750e+00
3.306008529663085938e+01,-1.966590499877929688e+01
-2.047198867797851562e+01,-5.911412715911865234e+00
-4.284735488891601562e+01,-1.773545503616333008e+00
-1.197321605682373047e+01,-3.619067001342773438e+01
-1.189477348327636719e+01,-3.805834197998046875e+01
-1.066509723663330078e+01,-3.734236907958984375e+01
5.667766952514648438e+01,-6.210569858551025391e+00
2.597675561904907227e+00,3.023180198669433594e+01
-4.161091613769531250e+01,6.848715543746948242e-01
1.216873741149902344e+01,-9.085222333669662476e-02
-1.910316085815429688e+01,-3.997131347656250000e+01
-3.865596771240234375e+01,-3.623646497726440430e-01
5.565183258056640625e+01,-7.298659801483154297e+00
4.919929122924804688e+01,-1.045071315765380859e+01
7.713797092437744141e+00,3.795706939697265625e+01
-2.111907958984375000e+01,-1.784332084655761719e+01
-2.205986595153808594e+01,-2.300362205505371094e+01
2.234152853488922119e-01,2.137966728210449219e+01
-2.550044059753417969e+01,-2.537311363220214844e+01
-4.294726181030273438e+01,1.722129249572753906e+01
-5.665065383911132812e+01,-1.355591011047363281e+01
-4.513430023193359375e+01,1.148789310455322266e+01
2.083216857910156250e+01,5.353613853454589844e+00
1.359533905982971191e+00,-1.501776790618896484e+01
-6.499561309814453125e+00,-1.600102806091308594e+01
2.374728965759277344e+01,-8.427220344543457031e+00
-2.080842781066894531e+01,-3.902637481689453125e+01
7.956235408782958984e+00,-1.416974544525146484e+00
4.528281784057617188e+01,-6.856115341186523438e+00
-6.047845482826232910e-01,3.340057373046875000e+01
2.657116889953613281e+01,8.488026618957519531e+00
-5.485858535766601562e+01,-1.090350151062011719e+01
-5.491059494018554688e+01,-1.919262528419494629e+00
5.621953201293945312e+01,7.472709655761718750e+00
-2.126608276367187500e+01,-5.984250068664550781e+00
-5.116454315185546875e+01,-5.454038381576538086e-01
-1.092577934265136719e+01,-4.171704483032226562e+01
-2.344897460937500000e+01,-2.630034446716308594e+01
1.748740386962890625e+01,-1.014182949066162109e+01
4.514617919921875000e+01,-2.409856033325195312e+01
-1.486776351928710938e+01,-1.367810249328613281e+01
-5.538158893585205078e+00,3.599183273315429688e+01
3.657742309570312500e+01,1.022689819335937500e+01
-9.620841026306152344e+00,-4.039048767089843750e+01
4.724263191223144531e+00,2.118950462341308594e+01
5.980358505249023438e+01,7.469161987304687500e+00
2.285705566406250000e+01,-1.971768951416015625e+01
2.405112266540527344e+01,2.324648094177246094e+01
4.442867755889892578e+00,-1.177835178375244141e+01
5.044596481323242188e+01,-2.236528396606445312e+01
3.382100677490234375e+01,-4.109903335571289062e+00
-1.118547725677490234e+01,1.655323624610900879e+00
2.526187515258789062e+01,2.845736265182495117e+00
4.456953430175781250e+01,-6.469718456268310547e+00
3.119238471984863281e+01,-2.289458274841308594e+00
-4.901467895507812500e+01,6.388607978820800781e+00
-4.276942825317382812e+01,-1.116718769073486328e+01
-2.149692726135253906e+01,-3.333253860473632812e+01
1.093466639518737793e+00,1.263434505462646484e+01
5.773098754882812500e+01,5.107267379760742188e+00
4.389192581176757812e+01,-6.276345729827880859e+00
-4.471633529663085938e+01,-1.657657051086425781e+01
5.671234512329101562e+01,-1.548593521118164062e+01
4.566950607299804688e+01,2.225755691528320312e+00
-4.506751632690429688e+01,1.956563568115234375e+01
2.027016639709472656e+01,-1.173405551910400391e+01
3.844446182250976562e+01,1.000335979461669922e+01
1.634046173095703125e+01,-1.940535187721252441e+00
-1.409600353240966797e+01,1.787127494812011719e+01
-3.491802978515625000e+01,1.134339714050292969e+01
2.925111007690429688e+01,1.023538303375244141e+01
2.753623962402343750e+01,-1.402093791961669922e+01
-1.386204624176025391e+01,-1.251469326019287109e+01
2.692913436889648438e+01,3.406775283813476562e+01
-1.737518757581710815e-01,1.033486270904541016e+01
8.844006538391113281e+00,1.643365287780761719e+01
-4.941922378540039062e+01,1.865777730941772461e+00
9.710369110107421875e+00,3.712312316894531250e+01
4.278482437133789062e+01,2.779177665710449219e+00
-5.055500411987304688e+01,6.734182834625244141e+00
-1.881215095520019531e+01,1.678463935852050781e+01
3.743005752563476562e+01,-9.783547520637512207e-01
5.273180389404296875e+01,3.975175142288208008e+00
-5.681328964233398438e+01,-1.137693881988525391e+01
1.659150600433349609e+00,1.229653167724609375e+01
4.054637145996093750e+01,1.415161418914794922e+01
-5.841646957397460938e+01,4.715056896209716797e+00
-6.671556234359741211e-01,-8.247645378112792969e+00
-2.511713027954101562e+01,-1.519630336761474609e+01
-4.814046859741210938e+01,-9.638466835021972656e+00
-8.528149604797363281e+00,3.430041503906250000e+01
3.628448486328125000e+01,-3.209260225296020508e+00
4.970351409912109375e+01,-2.001903724670410156e+01
-9.648085594177246094e+00,-1.329148292541503906e+01
2.936202812194824219e+01,2.130405998229980469e+01
-3.659704589843750000e+01,6.892250061035156250e+00
2.192419242858886719e+01,-1.390122890472412109e+01
-3.963301467895507812e+01,6.865627765655517578e+00
3.837605285644531250e+01,-1.295338511466979980e+00
2.604556083679199219e+01,-8.964927673339843750e+00
-4.027587509155273438e+01,1.775037002563476562e+01
-5.402833175659179688e+01,1.672083473205566406e+01
4.033916854858398438e+01,9.071816444396972656e+00
4.069942855834960938e+01,1.346101856231689453e+01
-9.551440477371215820e-01,1.995435905456542969e+01
-8.840260505676269531e+00,-3.524240493774414062e+01
4.962502288818359375e+01,-1.631821823120117188e+01
-1.542258453369140625e+01,-4.073606872558593750e+01
4.207303237915039062e+01,1.022867107391357422e+01
-3.923887252807617188e+01,7.927211761474609375e+00
-2.267205429077148438e+01,6.640689969062805176e-01
1.950344848632812500e+01,-1.753094100952148438e+01
5.839181137084960938e+01,1.110830664634704590e+00
-1.152370643615722656e+01,3.542860746383666992e+00
-4.808699417114257812e+01,-1.246469497680664062e+01
-4.795264053344726562e+01,-1.479722118377685547e+01
-1.266021156311035156e+01,-3.588495254516601562e+01
4.272663116455078125e+01,9.651952743530273438e+00
5.114985108375549316e-01,2.014448356628417969e+01
-2.179956626892089844e+01,-4.044939041137695312e+01
2.635671854019165039e+00,9.915687561035156250e+00
-3.999850845336914062e+01,1.565700173377990723e+00
3.635658645629882812e+01,4.124993324279785156e+00
-2.116657638549804688e+01,-3.575820159912109375e+01
4.736235809326171875e+01,5.760193467140197754e-01
1.891102027893066406e+01,-2.044527435302734375e+01
-3.226639556884765625e+01,8.855581283569335938e+00
-3.668407440185546875e+01,5.492236137390136719e+00
-6.188296318054199219e+00,-1.912049865722656250e+01
1.288014125823974609e+01,-9.673222541809082031e+00
4.733703994750976562e+01,-1.068594074249267578e+01
-4.957041263580322266e+00,9.996686935424804688e+00
2.042684793472290039e+00,-1.410365009307861328e+01
-4.076391601562500000e+01,1.126248359680175781e+00
-1.638394355773925781e+01,1.684961509704589844e+01
-4.558458328247070312e+01,1.612226486206054688e+01
-1.835152244567871094e+01,1.953072547912597656e+01
4.516904449462890625e+01,-2.660419082641601562e+01
-1.948019981384277344e+01,-3.846273803710937500e+01
4.253811264038085938e+01,1.365931892395019531e+01
4.365621566772460938e+01,-2.478257560729980469e+01
4.614624404907226562e+01,8.441211581230163574e-01
-1.966084098815917969e+01,-1.280183315277099609e+01
5.196764755249023438e+01,-1.209554386138916016e+01
-4.790443420410156250e+00,1.251972103118896484e+01
4.226632690429687500e+01,-1.778115653991699219e+01
-3.289380645751953125e+01,9.567740440368652344e+00
1.045441913604736328e+01,-1.254673290252685547e+01
8.784012794494628906e+00,1.560354137420654297e+01
-4.134182739257812500e+01,1.937784767150878906e+01
4.297713088989257812e+01,5.710385799407958984e+00
2.222750663757324219e+01,-1.965417265892028809e+00
-4.950518035888671875e+01,-3.428885936737060547e+00
3.785887908935546875e+01,-1.414290428161621094e+01
-1.143000006675720215e+00,-7.501124382019042969e+00
-5.253591918945312500e+01,7.085672378540039062e+00
-1.633531761169433594e+01,1.748183441162109375e+01
4.360350036621093750e+01,-1.645495605468750000e+01
4.019213104248046875e+01,1.087846374511718750e+01
5.378437995910644531e+00,1.461856245994567871e+00
-4.191644287109375000e+01,-9.465485215187072754e-01
1.571052908897399902e+00,2.362240982055664062e+01
-2.134760856628417969e+01,-4.015310668945312500e+01
-4.550024032592773438e+01,2.073741722106933594e+01
2.217320680618286133e+00,-1.036758899688720703e+01
-1.502194786071777344e+01,2.714459419250488281e+00
5.719124794006347656e+00,-1.429747772216796875e+01
-1.155135536193847656e+01,-4.085406494140625000e+01
4.775665283203125000e+01,-8.137494087219238281e+00
1.166530176997184753e-01,-7.007444858551025391e+00
-1.658514785766601562e+01,1.429499912261962891e+01
4.417241096496582031e+00,1.481078529357910156e+01
3.265526580810546875e+01,-1.360859990119934082e+00
2.843366050720214844e+01,2.058065223693847656e+01
1.093060874938964844e+01,3.497982788085937500e+01
1.014466476440429688e+01,-9.005748748779296875e+00
1.286446189880371094e+01,2.511515617370605469e+00
-2.593321990966796875e+01,1.070196723937988281e+01
-2.690543556213378906e+01,8.783747673034667969e+00
4.971188354492187500e+01,-6.473946094512939453e+00
3.953601455688476562e+01,-7.705739974975585938e+00
2.679687309265136719e+01,-7.863838672637939453e+00
-2.490686416625976562e+01,6.579364776611328125e+00
3.391455459594726562e+01,2.670460700988769531e+00
5.146166229248046875e+01,3.575918674468994141e+00
4.448845291137695312e+01,-7.147605419158935547e+00
-1.348069381713867188e+01,-2.264059638977050781e+01
1.093000602722167969e+01,2.074601888656616211e+00
4.350088882446289062e+01,-4.985946178436279297e+00
3.212482452392578125e+01,-8.562623977661132812e+00
-1.579552745819091797e+01,-4.162631225585937500e+01
4.821187973022460938e+01,-8.999629020690917969e+00
-3.949491500854492188e+00,3.692570114135742188e+01
-3.323525238037109375e+01,1.231833934783935547e+01
-1.055594635009765625e+01,5.114278316497802734e+00
-4.155278778076171875e+01,1.001289558410644531e+01
5.444286727905273438e+01,-1.134158611297607422e+01
3.308552551269531250e+01,-6.858865261077880859e+00
5.565152740478515625e+01,2.373047113418579102e+00
5.799979019165039062e+01,1.616259694099426270e+00
-3.765042495727539062e+01,1.480828672647476196e-01
-1.493457508087158203e+01,-3.383382415771484375e+01
-4.140154266357421875e+01,1.883042812347412109e+00
4.355921936035156250e+01,-2.388440322875976562e+01
-2.993733787536621094e+01,-1.294407248497009277e+00
2.902552604675292969e+00,-1.413403511047363281e+01
-1.014277076721191406e+01,2.973854303359985352e+00
5.766775512695312500e+01,-8.390878677368164062e+00
5.865791702270507812e+01,-1.943514943122863770e+00
4.109363555908203125e+00,2.237648773193359375e+01
-2.325914192199707031e+01,-2.556131553649902344e+01
4.929288864135742188e+01,1.745104551315307617e+00
-1.651266288757324219e+01,-2.700652503967285156e+01
3.452609062194824219e+00,9.440232276916503906e+00
-1.576699829101562500e+01,1.889937210083007812e+01
5.710604095458984375e+01,-1.684584236145019531e+01
6.539449214935302734e+00,7.514886379241943359e+00
5.908992767333984375e+01,2.425966501235961914e+00
-3.435500335693359375e+01,1.446411228179931641e+01
-4.815356826782226562e+01,2.723245859146118164e+00
-2.136838150024414062e+01,-3.270587921142578125e+01
3.054571914672851562e+01,1.003125190734863281e+01
-1.273651313781738281e+01,2.268204879760742188e+01
3.437580871582031250e+01,-5.712210178375244141e+00
5.487793350219726562e+01,-1.275388336181640625e+01
-7.213257789611816406e+00,-2.571870422363281250e+01
4.888216018676757812e+01,-2.079513359069824219e+01
-5.058294296264648438e+01,-1.266386890411376953e+01
4.032489776611328125e+01,-2.765762090682983398e+00
3.347468614578247070e+00,3.014242744445800781e+01
-2.112001991271972656e+01,-3.479954147338867188e+01
3.071031951904296875e+01,-9.169237136840820312e+00
8.835282325744628906e+00,-8.538819313049316406e+00
-1.163868141174316406e+01,2.192558288574218750e+00
3.298623657226562500e+01,-9.035019874572753906e+00
-4.810797500610351562e+01,5.548837184906005859e+00
4.183781814575195312e+01,-1.871358108520507812e+01
5.869976997375488281e+00,2.875122833251953125e+01
1.589737087488174438e-01,-9.271956443786621094e+00
-5.583773040771484375e+01,-1.241842555999755859e+01
4.750517654418945312e+01,-2.490494155883789062e+01
-2.133001899719238281e+01,-1.681118965148925781e+01
3.124152565002441406e+01,-7.586058139801025391e+00
-1.548905277252197266e+01,-2.759240531921386719e+01
2.231441497802734375e+01,-8.455662727355957031e+00
4.613096237182617188e+01,-2.454000091552734375e+01
3.497140884399414062e+01,9.693857431411743164e-01
1.929803085327148438e+01,1.589378547668457031e+01
5.299313354492187500e+01,-1.161162757873535156e+01
2.589455795288085938e+01,2.554867553710937500e+01
2.615640830993652344e+01,4.976978302001953125e+00
-1.456250286102294922e+01,1.738001060485839844e+01
4.270441436767578125e+01,-8.117459416389465332e-01
-5.239506530761718750e+01,1.014594554901123047e+01
1.877159690856933594e+01,-1.262803649902343750e+01
2.043915939331054688e+01,-1.943883514404296875e+01
-5.939618587493896484e+00,-2.631053733825683594e+01
4.443962097167968750e+01,-1.625373077392578125e+01
-1.102150344848632812e+01,-3.511029434204101562e+01
-2.022478294372558594e+01,2.327704429626464844e+01
-5.789294052124023438e+01,8.178807258605957031e+00
5.198118209838867188e+01,-1.646850013732910156e+01
2.083088111877441406e+01,2.042038536071777344e+01
-7.901742935180664062e+00,-3.904195785522460938e+01
-2.233654403686523438e+01,-2.483673858642578125e+01
2.033244323730468750e+01,1.635852432250976562e+01
-1.382418632507324219e+01,2.486323595046997070e+00
3.501902389526367188e+01,-3.239509582519531250e+00
-5.202687072753906250e+01,-9.386474609375000000e+00
-5.811223983764648438e+01,-3.147787094116210938e+00
2.290754127502441406e+01,-3.617710113525390625e+00
3.692201614379882812e+01,5.528861522674560547e+00
-1.575710296630859375e+01,4.179176330566406250e+00
-1.410777759552001953e+01,-3.593754959106445312e+01
2.164815139770507812e+01,-2.035018920898437500e+01
5.600717163085937500e+01,-1.548807811737060547e+01
-3.738399124145507812e+01,-4.346611022949218750e+00
3.289254379272460938e+01,-2.135817527770996094e+01
-1.294872379302978516e+01,1.691213035583496094e+01
-3.210203170776367188e+01,4.121573567390441895e-01
4.784088134765625000e+01,-1.125902748107910156e+01
3.823103713989257812e+01,-1.560700798034667969e+01
-3.785478973388671875e+01,-2.327603816986083984e+00
4.852434158325195312e+01,1.060613727569580078e+01
-4.080633926391601562e+01,-3.498448133468627930e+00
-5.116682815551757812e+01,-4.889738082885742188e+00
4.205507278442382812e+01,1.385428237915039062e+01
-2.644909095764160156e+01,-1.704848670959472656e+01
4.009812545776367188e+01,8.572533607482910156e+00
-1.933880996704101562e+01,-3.187433624267578125e+01
5.430461120605468750e+01,-8.887727737426757812e+00
-2.301187324523925781e+01,-2.424374008178710938e+01
-2.868404006958007812e+01,2.742451429367065430e+00
-1.601030349731445312e+01,-3.493684387207031250e+01
5.199248886108398438e+01,-1.725606727600097656e+01
5.275195312500000000e+01,-1.340699672698974609e+01
1.736509323120117188e+01,-2.774667739868164062e+00
-6.806922435760498047e+00,7.973905086517333984e+00
-7.863414764404296875e+00,8.346555709838867188e+00
4.131209182739257812e+01,-2.462983369827270508e+00
-1.180826282501220703e+01,-1.215669059753417969e+01
3.402927017211914062e+01,-1.766476249694824219e+01
1.486458015441894531e+01,-8.221522331237792969e+00
-1.056436538696289062e+00,9.312591552734375000e+00
5.770117950439453125e+01,8.498041152954101562e+00
2.336888122558593750e+01,5.070446968078613281e+00
-4.308057785034179688e+01,-1.206728363037109375e+01
-7.532010078430175781e+00,-2.067820072174072266e+00
3.558999252319335938e+01,3.422912597656250000e+00
-1.782935333251953125e+01,-1.735658288002014160e+00
-4.900983047485351562e+01,-6.356535911560058594e+00
-4.265990829467773438e+01,9.658285379409790039e-01
5.871213912963867188e+01,4.063055515289306641e+00
5.364168167114257812e+01,6.646606326103210449e-01
5.946595764160156250e+01,4.455554008483886719e+00
3.620120286941528320e+00,-1.114579486846923828e+01
5.602616882324218750e+01,-5.505860447883605957e-01
4.734017562866210938e+01,1.141314506530761719e+01
-7.455424308776855469e+00,-2.252692985534667969e+01
3.161922836303710938e+01,2.731884002685546875e+01
-3.491184616088867188e+01,8.138958930969238281e+00
-5.036872863769531250e+01,-6.135858058929443359e+00
5.371574783325195312e+01,-1.061725616455078125e+01
-1.746936798095703125e+01,-3.939925765991210938e+01
-2.706072807312011719e+01,-1.866457760334014893e-01
5.764397048950195312e+01,9.117492675781250000e+00
5.317316818237304688e+01,-9.677006721496582031e+00
-3.175824165344238281e+01,-7.071957588195800781e-01
-5.753064727783203125e+01,-7.368327617645263672e+00
2.116427993774414062e+01,1.324244403839111328e+01
-3.394298934936523438e+01,1.190477752685546875e+01
4.666410446166992188e+00,-1.279635620117187500e+01
-2.055851554870605469e+01,-3.968088150024414062e+01
-4.777788925170898438e+01,-8.325151801109313965e-01
3.729949569702148438e+01,-1.907980537414550781e+01
1.848773765563964844e+01,-1.398252868652343750e+01
-4.735130691528320312e+01,-1.062418937683105469e+01
1.181183433532714844e+01,1.207212090492248535e+00
-2.866063880920410156e+01,-2.589610815048217773e-01
-1.738497352600097656e+01,1.876210021972656250e+01
-4.925189590454101562e+01,-1.343575859069824219e+01
2.294538307189941406e+01,-1.104638099670410156e+01
-4.829162120819091797e+00,-2.737758827209472656e+01
-2.424432373046875000e+01,-2.750473737716674805e+00
-2.302476310729980469e+01,3.059346199035644531e+00
4.847525787353515625e+01,-1.724157524108886719e+01
-1.036886501312255859e+01,-9.592254638671875000e+00
-2.866108512878417969e+01,-2.348436737060546875e+01
-3.840962982177734375e+01,9.961684226989746094e+00
5.408340835571289062e+01,-7.603007793426513672e+00
-6.020117759704589844e+00,-7.446331977844238281e+00
-4.868142318725585938e+01,-8.339425086975097656e+00
-7.582787990570068359e+00,4.796333312988281250e+00
-7.495141506195068359e+00,-1.474083709716796875e+01
5.626310825347900391e+00,1.663190460205078125e+01
6.842147707939147949e-01,1.091955661773681641e+01
3.577323150634765625e+01,8.382458090782165527e-01
2.283916664123535156e+01,6.464015960693359375e+00
-5.662432861328125000e+01,-4.735316753387451172e+00
-1.954534530639648438e+01,-3.339133071899414062e+01
-3.564867258071899414e+00,-2.212135314941406250e+01
4.340657806396484375e+01,8.481931686401367188e+00
1.730638504028320312e+01,-1.960642814636230469e+01
-2.089021682739257812e+01,1.845337867736816406e+01
-3.379155731201171875e+01,1.325754928588867188e+01
5.508023071289062500e+01,-9.792548179626464844e+00
1.317077445983886719e+01,-2.498972177505493164e+00
-2.375264739990234375e+01,3.279591083526611328e+00
-1.860550880432128906e+01,-3.937010192871093750e+01
-2.482719230651855469e+01,7.552379131317138672e+00
-3.866017103195190430e+00,3.523729801177978516e+00
3.704000854492187500e+01,-6.156839370727539062e+00
5.622517395019531250e+01,-5.878738880157470703e+00
5.702968120574951172e+00,1.792090606689453125e+01
3.674742937088012695e+00,1.378248882293701172e+01
-2.211506652832031250e+01,1.688838005065917969e+00
-3.100396728515625000e+01,2.710046052932739258e+00
-2.671127128601074219e+01,-2.077146148681640625e+01
-3.361862945556640625e+01,1.090233993530273438e+01
4.798270797729492188e+01,3.118737459182739258e+00
4.778376770019531250e+01,6.483238697052001953e+00
-2.172329711914062500e+01,1.114263534545898438e+01
1.398885345458984375e+01,-9.734998703002929688e+00
-2.174754714965820312e+01,-2.466322898864746094e+00
2.522671318054199219e+01,-9.936942100524902344e+00
4.851798629760742188e+01,1.004002189636230469e+01
5.472975158691406250e+01,-3.206389665603637695e+00
4.685890579223632812e+01,-8.737793922424316406e+00
-9.474176406860351562e+00,-3.603909683227539062e+01
-1.072307872772216797e+01,-3.614591217041015625e+01
-1.803702354431152344e+01,1.540412521362304688e+01
4.330525207519531250e+01,-2.265926361083984375e+01
7.472016334533691406e+00,-1.395310592651367188e+01
-4.955362701416015625e+01,-8.205479621887207031e+00
-1.997091293334960938e+01,-3.407173919677734375e+01
3.316005706787109375e+01,-3.103104114532470703e+00
5.643021392822265625e+01,-1.421207714080810547e+01
-2.047550010681152344e+01,-3.308648681640625000e+01
-1.178986454010009766e+01,-3.707794189453125000e+01
-2.148569679260253906e+01,8.988499641418457031e+00
4.383699893951416016e+00,1.222286581993103027e+00
-8.786216735839843750e+00,-3.592447662353515625e+01
3.621795272827148438e+01,-1.845426368713378906e+01
5.792457962036132812e+01,-7.015424251556396484e+00
3.335626983642578125e+01,-2.023220825195312500e+01
2.270901489257812500e+01,5.672518253326416016e+00
4.711048889160156250e+01,-6.917046546936035156e+00
4.500860595703125000e+01,6.449110507965087891e+00
-3.915366744995117188e+01,1.179976081848144531e+01
-2.038653564453125000e+01,-3.366271972656250000e+01
3.786307144165039062e+01,-3.452980995178222656e+00
1.125684642791748047e+01,-1.285481071472167969e+01
-4.846350479125976562e+01,-7.539098262786865234e+00
-2.602888298034667969e+01,-2.627501678466796875e+01
-2.684138679504394531e+01,1.089174079895019531e+01
2.707740592956542969e+01,1.040491390228271484e+01
3.765390396118164062e+01,-1.716493225097656250e+01
3.350414037704467773e+00,5.401095002889633179e-02
-1.512052917480468750e+01,6.454414129257202148e-01
-4.012952041625976562e+01,1.507984161376953125e+01
-3.648573684692382812e+01,6.238960266113281250e+00
3.461871337890625000e+01,-4.389175891876220703e+00
-7.877618312835693359e+00,-2.205048179626464844e+01
5.045021820068359375e+01,-1.511294269561767578e+01
-5.567674636840820312e+01,-1.429905319213867188e+01
-1.023682975769042969e+01,-1.089976024627685547e+01
3.196862411499023438e+01,-1.562119102478027344e+01
3.682297515869140625e+01,-5.831382274627685547e-01
3.030282402038574219e+01,9.488556861877441406e+00
3.510489273071289062e+01,1.927773952484130859e+00
2.435734558105468750e+01,7.910501003265380859e+00
3.261291122436523438e+01,-1.683681488037109375e+01
-4.692105865478515625e+01,1.010774898529052734e+01
2.958540344238281250e+01,9.542246818542480469e+00
2.012941360473632812e+00,6.789434432983398438e+00
3.274472808837890625e+01,-5.513045787811279297e+00
4.663003921508789062e+01,-8.249493598937988281e+00
4.997240447998046875e+01,-2.299754524230957031e+01
3.990475082397460938e+01,-1.661330223083496094e+01
-5.807800292968750000e+01,-4.740170001983642578e+00
-1.985519599914550781e+01,1.890372467041015625e+01
4.125197219848632812e+01,-2.441714477539062500e+01
5.309771347045898438e+01,-9.188614845275878906e+00
-1.774380493164062500e+01,-2.318454742431640625e+00
4.237362670898437500e+01,-2.370164489746093750e+01
2.111054992675781250e+01,1.867726516723632812e+01
-3.812760162353515625e+01,7.129375934600830078e+00
4.747975921630859375e+01,-1.152818489074707031e+01
-1.689155960083007812e+01,6.843649744987487793e-01
1.721656608581542969e+01,-1.726056671142578125e+01
4.663139343261718750e+01,9.556159019470214844e+00
2.049838829040527344e+01,1.183030700683593750e+01
-3.941352844238281250e+01,-6.317772865295410156e-01
4.683740615844726562e+01,1.270788764953613281e+01
-6.482905387878417969e+00,3.375022888183593750e+01
1.116352462768554688e+01,-9.579067230224609375e+00
-1.025801181793212891e+01,-4.143037033081054688e+01
4.658608245849609375e+01,5.756907463073730469e-01
-2.625636482238769531e+01,-1.634778594970703125e+01
3.900712203979492188e+01,-7.484310150146484375e+00
2.629703712463378906e+01,9.723898887634277344e+00
-3.128938102722167969e+01,8.788745880126953125e+00
-1.848796010017395020e+00,1.098216176033020020e+00
6.689059734344482422e+00,1.918252587318420410e+00
5.404512405395507812e+01,-1.280988979339599609e+01
-3.470671081542968750e+01,-8.692139983177185059e-01
-1.826270294189453125e+01,8.848229646682739258e-01
4.266612243652343750e+01,-2.096373558044433594e+01
-4.512014389038085938e+01,1.254413223266601562e+01
1.016373252868652344e+01,-1.046259784698486328e+01
4.928983688354492188e+01,-1.297450733184814453e+01
4.825363922119140625e+01,-2.520241165161132812e+01
2.088026618957519531e+01,-7.701494216918945312e+00
-9.017946243286132812e+00,-4.112929153442382812e+01
4.290764617919921875e+01,5.997177362442016602e-01
4.768687057495117188e+01,1.432396769523620605e+00
-7.469981193542480469e+00,-2.475928497314453125e+01
-2.698297119140625000e+01,-1.661029815673828125e+01
3.991632080078125000e+01,-1.787377738952636719e+01
3.897541046142578125e+01,-1.713539123535156250e+01
4.688820266723632812e+01,2.000556468963623047e+00
5.115208816528320312e+01,-2.318038177490234375e+01
7.270506381988525391e+00,-9.773253202438354492e-01
-1.539554882049560547e+01,-2.281166076660156250e+01
-3.294777297973632812e+01,-1.381350159645080566e+00
4.876968765258789062e+01,-1.912915420532226562e+01
1.626517295837402344e+01,-3.819996118545532227e+00
1.975588798522949219e+01,-1.820441818237304688e+01
-3.960838317871093750e+01,-2.987099409103393555e+00
5.651923179626464844e+00,2.313796615600585938e+01
8.897436141967773438e+00,1.485915946960449219e+01
2.674822616577148438e+01,-5.326575279235839844e+00
5.131217956542968750e+01,-1.448378372192382812e+01
2.312716484069824219e+01,-1.180351161956787109e+01
2.663710021972656250e+01,-1.280716037750244141e+01
3.193004369735717773e+00,2.188168907165527344e+01
-6.147524833679199219e+00,-2.685142135620117188e+01
-4.713081359863281250e+01,-1.446994686126708984e+01
-1.387971115112304688e+01,-3.104579448699951172e+00
-2.332427024841308594e+01,-1.703491401672363281e+01
2.543535947799682617e+00,-5.714315891265869141e+00
-8.230401039123535156e+00,-1.418795108795166016e+00
2.275669670104980469e+01,-5.424797058105468750e+00
3.168755912780761719e+01,-1.895765304565429688e+01
1.749650001525878906e+01,-8.865424394607543945e-01
-1.455919075012207031e+01,-3.509972000122070312e+01
-4.437072372436523438e+01,-1.243012428283691406e+01
3.460122585296630859e+00,8.238039970397949219e+00
2.994742584228515625e+01,1.037808418273925781e+01
-1.028915596008300781e+01,1.940786719322204590e+00
-1.768618965148925781e+01,-2.188071060180664062e+01
-6.657393455505371094e+00,-2.313230133056640625e+01
3.083066463470458984e+00,-1.034060287475585938e+01
1.507365417480468750e+01,-8.977563858032226562e+00
-2.675201034545898438e+01,-1.871455764770507812e+01
5.699229240417480469e-01,-1.554159832000732422e+01
2.545077133178710938e+01,-2.013343048095703125e+01
-4.139745235443115234e+00,1.067342662811279297e+01
5.451950550079345703e+00,-1.366103172302246094e+01
-6.447053432464599609e+00,-2.575919151306152344e+01
4.717982864379882812e+01,-2.624849510192871094e+01
9.766491889953613281e+00,7.950531959533691406e+00
4.551734924316406250e+01,-1.649067497253417969e+01
2.940847873687744141e-01,1.190520858764648438e+01
2.081829261779785156e+01,9.744536399841308594e+00
-1.870414853096008301e+00,2.026968765258789062e+01
-2.336818122863769531e+01,5.824654102325439453e+00
4.161623382568359375e+01,-1.646782112121582031e+01
2.594499778747558594e+01,-9.841390609741210938e+00
-2.600906181335449219e+01,-1.741548538208007812e+01
-2.644392585754394531e+01,7.651338100433349609e+00
3.674608230590820312e+00,1.234281539916992188e+00
-1.575000858306884766e+01,-1.335040760040283203e+01
4.779772186279296875e+01,1.047078895568847656e+01
-8.402053833007812500e+00,-3.832351303100585938e+01
2.572223901748657227e+00,1.115296363830566406e+01
-3.021446037292480469e+01,-3.757467865943908691e-01
-1.081244373321533203e+01,7.226488739252090454e-02
-6.694691181182861328e+00,3.548391723632812500e+01
-1.896139907836914062e+01,1.539175605773925781e+01
-1.925069427490234375e+01,-1.169965982437133789e+00
2.553965568542480469e+01,-8.911941528320312500e+00
-1.438824748992919922e+01,-1.215666103363037109e+01
3.051245117187500000e+01,-1.374571037292480469e+01
-1.141324043273925781e+01,-2.540899276733398438e+01
1.427982044219970703e+01,-3.271221399307250977e+00
5.595587253570556641e+00,1.888370895385742188e+01
-2.836829948425292969e+01,-1.993234634399414062e+01
-2.262109756469726562e+01,-3.327441787719726562e+01
3.784794998168945312e+01,-5.074515342712402344e-01
2.850695991516113281e+01,-9.018218994140625000e+00
-3.315966844558715820e+00,1.363208055496215820e+00
5.041863250732421875e+01,-1.265839099884033203e+01
9.734103202819824219e+00,-1.318547821044921875e+01
-1.255903148651123047e+01,-4.072205734252929688e+01
-2.390114974975585938e+01,2.250863075256347656e+00
-4.243621826171875000e+01,-1.176272010803222656e+01
-2.797213554382324219e+01,-2.248694801330566406e+01
9.012605667114257812e+00,1.635421276092529297e+00
-2.023886680603027344e+01,-4.132073211669921875e+01
-1.246347045898437500e+01,-3.688354873657226562e+01
3.399424362182617188e+01,-3.001184701919555664e+00
4.874841570854187012e-01,-1.486959648132324219e+01
-2.488403511047363281e+01,-1.728967094421386719e+01
3.485045433044433594e+00,1.026729583740234375e+01
-9.855072021484375000e+00,-2.240045356750488281e+01
-1.694483566284179688e+01,-2.357554054260253906e+01
-3.862312316894531250e+01,7.261623859405517578e+00
-1.168766021728515625e+01,-3.434880065917968750e+01
1.296435832977294922e+01,7.426528930664062500e-01
-4.910963439941406250e+01,3.171907424926757812e+00
5.803297042846679688e+00,3.166067361831665039e+00
-3.280123901367187500e+01,3.286443650722503662e-01
-3.903520202636718750e+01,-1.830844521522521973e+00
3.761921882629394531e+00,-1.388150215148925781e+01
-1.245837497711181641e+01,3.886114120483398438e+00
-1.576402091979980469e+01,-3.567107009887695312e+01
4.715514659881591797e+00,-1.423269557952880859e+01
-1.588636112213134766e+01,-3.385622406005859375e+01
-2.707147598266601562e+01,-2.174886322021484375e+01
-9.775919914245605469e+00,-1.418820095062255859e+01
-5.905002117156982422e+00,-2.183157539367675781e+01
-1.016706180572509766e+01,-4.223437786102294922e+00
1.789038848876953125e+01,-6.566349506378173828e+00
-1.837084007263183594e+01,5.806126594543457031e+00
-8.484698295593261719e+00,-9.082262039184570312e+00
8.150335311889648438e+00,3.174568653106689453e+00
-8.671685218811035156e+00,-3.742570877075195312e+01
-6.555410385131835938e+00,8.992238998413085938e+00
-5.257086277008056641e+00,-2.831282806396484375e+01
1.815293502807617188e+01,-2.468249082565307617e+00
-3.251253890991210938e+01,-4.816095232963562012e-01
-2.114240455627441406e+01,-1.876616668701171875e+01
-7.771825790405273438e+00,-1.042350482940673828e+01
-9.604378700256347656e+00,-1.019007492065429688e+01
7.295177459716796875e+00,1.719579887390136719e+01
5.192760467529296875e+01,-1.462321090698242188e+01
2.262985992431640625e+01,8.785140991210937500e+00
-2.603747558593750000e+01,-2.136893081665039062e+01
1.793090820312500000e+01,-1.754026412963867188e+01
2.499155616760253906e+01,5.060936450958251953e+00
3.186410713195800781e+01,-2.025976943969726562e+01
-2.949205589294433594e+01,2.464345932006835938e+00
-3.128447011113166809e-02,1.848474311828613281e+01
3.805113315582275391e+00,7.410272121429443359e+00
-2.700414276123046875e+01,-2.372072792053222656e+01
-2.153341865539550781e+01,-1.778844451904296875e+01
-3.194996070861816406e+01,1.042603778839111328e+01
-1.592887401580810547e+01,-2.098620223999023438e+01
2.135381889343261719e+01,-8.232956886291503906e+00
1.909864068031311035e+00,2.993297386169433594e+01
-2.411200332641601562e+01,8.167537689208984375e+00
-1.137010097503662109e+01,-2.776800394058227539e+00
-9.825352430343627930e-01,1.775323677062988281e+01
-1.715598297119140625e+01,-1.307472610473632812e+01
2.106922531127929688e+01,4.898175716400146484e+00
-1.386667823791503906e+01,-1.504214859008789062e+01
2.139338684082031250e+01,-1.937881469726562500e+01
2.400090026855468750e+01,-4.047076225280761719e+00
1.620405197143554688e+01,1.626805067062377930e+00
2.155073547363281250e+01,-4.816962718963623047e+00
2.343879318237304688e+01,-1.908209609985351562e+01
-4.356963729858398438e+01,-1.252713775634765625e+01
-5.354720115661621094e+00,1.045267295837402344e+01
6.191239953041076660e-01,-5.449019432067871094e+00
-3.161266803741455078e+00,-2.633688926696777344e+01
1.462390136718750000e+01,-4.157773017883300781e+00
-1.190789604187011719e+01,-2.017346954345703125e+01
-4.512845039367675781e+00,-2.571702575683593750e+01
-4.288574695587158203e+00,-4.757661819458007812e+00
-1.019887551665306091e-01,-8.569552421569824219e+00
-4.061260700225830078e+00,2.441581487655639648e+00
-3.065105628967285156e+01,9.584400177001953125e+00
-5.748911499977111816e-01,1.887253952026367188e+01
-4.695158004760742188e+01,-1.527314090728759766e+01
2.454705429077148438e+01,-8.438399314880371094e+00
-8.131863594055175781e+00,-7.687260150909423828e+00
-1.498984241485595703e+01,5.091904640197753906e+00
-1.011930179595947266e+01,-1.172612667083740234e+01
-2.003767395019531250e+01,-1.768844223022460938e+01
7.310220241546630859e+00,9.553246945142745972e-02
-2.232777786254882812e+01,-1.333129596710205078e+01
3.500751113891601562e+01,-2.225308799743652344e+01
-1.000847339630126953e+01,1.746260225772857666e-01
7.389005661010742188e+00,1.525016307830810547e+01
3.405138397216796875e+01,-2.097967720031738281e+01
-1.582926464080810547e+01,1.682525634765625000e+01
-2.643209648132324219e+01,-2.272325134277343750e+01
-2.319782829284667969e+01,1.204655766487121582e+00
-2.332965469360351562e+01,2.471061468124389648e+00
-1.409917736053466797e+01,5.016201972961425781e+00
2.486887454986572266e+00,4.908219873905181885e-01
1.677075386047363281e+01,-1.018006324768066406e+01
1.224326038360595703e+01,-1.185447025299072266e+01
-3.791605949401855469e+00,1.719009399414062500e+01
-1.882595062255859375e+01,6.946276426315307617e-01
2.831143188476562500e+01,-1.475168895721435547e+01
1.410367107391357422e+01,-6.090274333953857422e+00
3.238398361206054688e+01,-2.104569053649902344e+01
5.218820953369140625e+01,-8.738913536071777344e+00
4.683103561401367188e+01,-1.510846805572509766e+01
-5.923510551452636719e+00,-2.977391624450683594e+01
-4.957505226135253906e+00,-2.334844207763671875e+01
-1.930214309692382812e+01,-2.386729240417480469e+00
2.467945480346679688e+01,-7.481446743011474609e+00
2.111519622802734375e+01,8.871681213378906250e+00
4.061462783813476562e+01,-2.334125518798828125e+01
-1.552097320556640625e+01,-1.401770496368408203e+01
-1.797903442382812500e+01,6.513656616210937500e+00
-1.463650989532470703e+01,2.064208602905273438e+01
3.228641510009765625e+01,-1.945729255676269531e+01
2.273538589477539062e+01,-1.415999794006347656e+01
-5.589563846588134766e+00,-2.265909957885742188e+01
-3.047009849548339844e+01,1.801046967506408691e+00
1.478574752807617188e+01,2.295812845230102539e+00
-1.023584175109863281e+01,-1.274111938476562500e+01
9.729578018188476562e+00,2.851590394973754883e+00
4.055364608764648438e+01,-1.746176910400390625e+01
5.940020680427551270e-01,6.076289176940917969e+00
-1.907426071166992188e+01,-2.318430519104003906e+01
-1.743102431297302246e+00,1.862699890136718750e+01
-8.035643577575683594e+00,3.760320425033569336e+00
-2.672199249267578125e+01,1.007712936401367188e+01
-1.653479766845703125e+01,-1.395706176757812500e+01
-1.325402069091796875e+01,-3.980655670166015625e+01
5.016100692749023438e+01,-1.367377758026123047e+01
2.276309013366699219e+01,-9.281277060508728027e-01
-7.384795188903808594e+00,-1.920547485351562500e+01
-1.804757118225097656e+01,1.374019527435302734e+01
2.106514167785644531e+01,-1.519514179229736328e+01
-7.307755470275878906e+00,-2.001823997497558594e+01
-1.469641971588134766e+01,2.282884979248046875e+01
-9.528120994567871094e+00,-3.382623291015625000e+01
-2.148345375061035156e+01,1.944623184204101562e+01
-5.091768646240234375e+01,-5.484561443328857422e+00
5.340312957763671875e+01,-1.360220241546630859e+01
-3.268102407455444336e+00,1.951547384262084961e+00
-9.567659378051757812e+00,-1.123417282104492188e+01
-4.333485126495361328e+00,1.148232364654541016e+01
4.088679504394531250e+01,-3.614854335784912109e+00
-4.915279388427734375e+01,8.852726936340332031e+00
-2.262518310546875000e+01,-2.173149108886718750e+01
2.154046058654785156e+01,7.963018417358398438e+00
-4.476253509521484375e+01,-1.515849781036376953e+01
2.253548049926757812e+01,4.871475219726562500e+00
2.050581359863281250e+01,1.394585990905761719e+01
-7.228029251098632812e+00,5.902350425720214844e+00
-5.298214912414550781e+00,-1.703917121887207031e+01
9.337455749511718750e+00,3.859435796737670898e+00
-7.226351737976074219e+00,-2.781900405883789062e+01
8.890110969543457031e+00,8.289212226867675781e+00
-1.618550682067871094e+01,6.120367646217346191e-01
-1.687185478210449219e+01,-2.108035469055175781e+01
-7.549549102783203125e+00,-2.153171157836914062e+01
-1.385691404342651367e+00,1.914554595947265625e+01
-4.364140987396240234e+00,-2.679258346557617188e+01
-6.295628070831298828e+00,-1.740074729919433594e+01
2.200500488281250000e+01,1.039564228057861328e+01
1.014819049835205078e+01,-8.147790908813476562e+00
-1.719494247436523438e+01,-2.957434844970703125e+01
-4.166302680969238281e+00,1.494794654846191406e+01
1.010173511505126953e+01,9.370032310485839844e+00
4.295573711395263672e+00,3.611522316932678223e-01
1.488661289215087891e+00,-1.293841838836669922e+01
2.589687824249267578e+00,-1.468904876708984375e+01
9.964393615722656250e+00,-1.149777698516845703e+01
-4.184771347045898438e+01,1.393815636634826660e+00
2.002727508544921875e+01,5.251091480255126953e+00
1.617742347717285156e+01,-5.792335987091064453e+00
-6.870870113372802734e+00,-1.196502494812011719e+01
3.857940673828125000e+01,-2.101921081542968750e+00
-2.708290481567382812e+01,6.710215568542480469e+00
-4.177436351776123047e+00,1.294857501983642578e+00
-1.674940872192382812e+01,1.584396934509277344e+01
-1.415178966522216797e+01,-2.338248443603515625e+01
-1.451677608489990234e+01,-2.414934539794921875e+01
2.817651271820068359e+00,6.666388034820556641e+00
-1.675047683715820312e+01,-3.573686218261718750e+01
-1.975386810302734375e+01,-2.224329757690429688e+01
4.920864105224609375e+01,-1.205507659912109375e+01
2.661188125610351562e+00,9.046453475952148438e+00
-9.570878744125366211e-01,-6.773715019226074219e+00
-2.041001892089843750e+01,-1.639899164438247681e-01
5.241021156311035156e+00,7.089612007141113281e+00
-4.520333290100097656e+00,3.954763650894165039e+00
-1.779258537292480469e+01,-7.813341021537780762e-01
4.742748260498046875e+01,-2.575114059448242188e+01
-9.194416999816894531e+00,-3.312455415725708008e+00
7.896954536437988281e+00,1.616162109375000000e+01
3.124370384216308594e+01,-1.459055042266845703e+01
4.104331970214843750e+00,-1.261120223999023438e+01
3.818568801879882812e+01,5.453048229217529297e+00
1.578779506683349609e+01,-4.905855178833007812e+00
4.183728408813476562e+01,7.240246772766113281e+00
8.277447700500488281e+00,1.485755348205566406e+01
1.605029678344726562e+01,-6.728890895843505859e+00
-2.170259284973144531e+01,-1.311698722839355469e+01
1.650004386901855469e+01,-1.879351997375488281e+01
1.982289123535156250e+01,-1.991236877441406250e+01
-1.533712100982666016e+01,-1.513032722473144531e+01
4.463196694850921631e-01,-7.626810550689697266e+00
-2.252843093872070312e+01,-1.462443256378173828e+01
-1.855907821655273438e+01,-3.303371047973632812e+01
-1.376437664031982422e+01,3.995675563812255859e+00
4.287606048583984375e+01,-1.722339248657226562e+01
-1.370928478240966797e+01,6.085893511772155762e-01
-2.374569416046142578e+00,1.924633026123046875e+00
1.636354827880859375e+01,-2.451305389404296875e+00
2.436056518554687500e+01,-2.059081840515136719e+01
-1.271704483032226562e+01,1.532505607604980469e+01
-2.358868980407714844e+01,-8.857020139694213867e-01
-5.911749005317687988e-01,8.664922714233398438e+00
4.658591270446777344e+00,-5.803963184356689453e+00
5.632903099060058594e+00,-6.711874961853027344e+00
-2.068111419677734375e+01,-4.505506515502929688e+00
2.270184516906738281e+00,1.052233886718750000e+01
-1.471331691741943359e+01,1.823254585266113281e+01
-3.278221130371093750e+01,2.656548500061035156e+00
-1.689383506774902344e+01,-1.389208316802978516e+00
1.337122082710266113e+00,-1.009368801116943359e+01
-1.692887878417968750e+01,-2.229449272155761719e+01
-2.465641736984252930e+00,1.968066978454589844e+01
-2.763085746765136719e+01,-2.318072700500488281e+01
-2.010475921630859375e+01,-1.680034065246582031e+01
-3.058613395690917969e+01,8.999589681625366211e-01
2.891456842422485352e+00,-7.675905704498291016e+00
-2.085337066650390625e+01,-3.739812850952148438e+00
1.766427993774414062e+01,-1.833818817138671875e+01
-2.058310127258300781e+01,-1.727647781372070312e+00
-6.670670032501220703e+00,-2.224030685424804688e+01
-1.122867012023925781e+01,4.598445415496826172e+00
1.119413566589355469e+01,-3.369883447885513306e-02
-3.206800460815429688e+00,1.838028335571289062e+01
-8.165791511535644531e+00,-9.617662429809570312e+00
7.570054531097412109e+00,6.645361900329589844e+00
-1.252318096160888672e+01,-2.757876157760620117e+00
1.508371925354003906e+01,1.505467414855957031e+00
8.306552886962890625e+00,-1.337313938140869141e+01
-1.325649261474609375e+01,5.051629066467285156e+00
2.148346519470214844e+01,5.757546424865722656e+00
-1.647118759155273438e+01,-2.313119697570800781e+01
-2.978997230529785156e+01,3.832889497280120850e-01
-5.162424087524414062e+00,1.658194541931152344e+01
-7.523491382598876953e+00,-2.366758537292480469e+01
-8.663697242736816406e+00,-1.072837257385253906e+01
5.817641258239746094e+00,1.594957828521728516e+01
2.539443206787109375e+01,1.875538825988769531e+01
4.163412094116210938e+01,-1.727318954467773438e+01
-3.875475406646728516e+00,-2.432782554626464844e+01
-1.685890579223632812e+01,-2.815099716186523438e+01
3.972877502441406250e+01,-2.320413208007812500e+01
-7.844583034515380859e+00,-2.755557823181152344e+01
-2.015457391738891602e+00,1.569249057769775391e+01
-3.252740204334259033e-01,-5.877418994903564453e+00
-1.768658638000488281e+01,-3.350955200195312500e+01
-5.031046867370605469e-01,7.941322803497314453e+00
-6.673570156097412109e+00,5.364497661590576172e+00
4.390500545501708984e+00,-5.331949234008789062e+00
-2.818456268310546875e+01,-1.731986999511718750e+01
-4.848445892333984375e+00,1.429457759857177734e+01
-1.321082115173339844e+01,-4.098324203491210938e+01
-6.902569770812988281e+00,-1.896462440490722656e+01
9.833993911743164062e+00,1.868826270103454590e+00
2.940498352050781250e+01,-1.455512237548828125e+01
6.885078549385070801e-01,-1.016935348510742188e+01
1.709180474281311035e+00,5.567824363708496094e+00
3.186411380767822266e+00,1.188664531707763672e+01
-1.731159400939941406e+01,-2.276270294189453125e+01
8.314004898071289062e+00,1.867385625839233398e+00
-1.878720283508300781e+01,-2.914303302764892578e+00
-6.589334964752197266e+00,4.321465492248535156e+00
-4.631399536132812500e+01,-1.517343997955322266e+01
-4.053958892822265625e+01,1.026801490783691406e+01
-2.998108863830566406e+01,9.212225914001464844e+00
2.037364387512207031e+01,-1.738816833496093750e+01
8.618435859680175781e+00,2.430402994155883789e+00
2.225654792785644531e+01,-1.222317028045654297e+01
1.252080059051513672e+01,1.666347861289978027e+00
-1.670580029487609863e+00,1.072920799255371094e+01
9.693396568298339844e+00,1.536455917358398438e+01
-1.141224765777587891e+01,-1.072382354736328125e+01
2.423045730590820312e+01,6.699815750122070312e+00
-2.256479263305664062e+01,-2.598580741882324219e+01
-3.364376831054687500e+01,1.431433677673339844e+01
-1.881178283691406250e+01,8.101620674133300781e+00
-7.584892749786376953e+00,-3.734362792968750000e+01
-5.580861568450927734e+00,-2.129157066345214844e+01
-1.680369758605957031e+01,2.577151298522949219e+00
-2.677868902683258057e-01,9.512593269348144531e+00
-1.020118999481201172e+01,-3.276586055755615234e+00
1.385322952270507812e+01,1.693055033683776855e+00
-5.188752651214599609e+00,-6.165268421173095703e+00
9.706089973449707031e+00,-1.197070789337158203e+01
-8.578851699829101562e+00,-1.364956092834472656e+01
1.452712535858154297e+00,2.384758591651916504e-01
-2.284893989562988281e+01,2.064981460571289062e+00
2.690752410888671875e+01,3.823699712753295898e+00
1.995182228088378906e+01,-9.394488334655761719e+00
-1.079226303100585938e+01,-3.387330627441406250e+01
-1.362831497192382812e+01,-2.368338394165039062e+01
-9.075546264648437500e+00,-3.783774948120117188e+01
-2.036313819885253906e+01,-3.388596773147583008e+00
-6.244978904724121094e+00,3.319704532623291016e+00
-7.002576351165771484e+00,-3.937964248657226562e+01
-7.351692676544189453e+00,-4.312002658843994141e-01
1.208253383636474609e+00,-6.780708789825439453e+00
2.246550559997558594e+01,-9.237616539001464844e+00
-2.770692634582519531e+01,-1.630002021789550781e+01
1.870111656188964844e+01,-1.955734062194824219e+01
5.209304332733154297e+00,9.976206779479980469e+00
1.603135299682617188e+01,-8.229996681213378906e+00
-2.037041664123535156e+01,9.885288238525390625e+00
1.886378669738769531e+01,-1.557122945785522461e+00
-1.218097114562988281e+01,-9.914655089378356934e-01
-1.449266624450683594e+01,-2.161368370056152344e+01
-1.063186931610107422e+01,-2.545512962341308594e+01
-3.265101432800292969e+00,-6.128838062286376953e+00
-4.259803295135498047e+00,-2.221531677246093750e+01
-2.754842567443847656e+01,-2.012135887145996094e+01
-1.440657615661621094e+01,1.620235061645507812e+01
-9.743722915649414062e+00,-1.801115512847900391e+00
7.146061420440673828e+00,-1.263393783569335938e+01
-2.183109283447265625e+01,-3.173149347305297852e+00
1.987767410278320312e+01,1.131237792968750000e+01
-1.065883827209472656e+01,-1.183321666717529297e+01
-7.352023601531982422e+00,1.024728107452392578e+01
-2.462253379821777344e+01,2.052934467792510986e-01
-3.595526933670043945e+00,1.452353572845458984e+01
3.172753524780273438e+01,1.111970138549804688e+01
-2.442700862884521484e+00,-5.183519363403320312e+00
-2.626906967163085938e+01,-1.911292266845703125e+01
-8.458952903747558594e+00,-1.224192523956298828e+01
-9.225174903869628906e+00,1.131100296974182129e+00
-5.595049858093261719e+00,5.389415264129638672e+00
-2.027894783020019531e+01,-1.551828479766845703e+01
